{
  "genome": {
    "id": 4507,
    "generation": 201000,
    "trust": 9900.197265625
  },
  "architecture": {
    "input_size": 40000,
    "hidden_size": 24,
    "output_size": 439,
    "vocab_size": 439,
    "total_parameters": 970999
  },
  "performance": {
    "accuracy": 0.45714285714285713,
    "correct_count": 32,
    "total_count": 70,
    "mean_confidence": 0.9952989816665649,
    "median_confidence": 1.0
  },
  "hidden_layer": {
    "saturation_rate": 0.9976190476190476,
    "dead_neurons": 0,
    "mean_activation": -0.030277611687779427,
    "std_activation": 0.9990143179893494,
    "per_neuron_mean": [
      0.9714285731315613,
      -0.42844948172569275,
      -0.5142894983291626,
      1.0,
      -0.45793139934539795,
      -0.8857145309448242,
      -0.9428554177284241,
      0.9714285731315613,
      -0.6857143044471741,
      -1.0,
      0.5584017038345337,
      -0.9714285731315613,
      0.2571437954902649,
      0.9714104533195496,
      0.9999209642410278,
      -0.7421407103538513,
      -0.9714285731315613,
      0.686329185962677,
      -0.17145347595214844,
      0.8571428656578064,
      1.0,
      -0.9428571462631226,
      0.6001085638999939,
      -0.8857142925262451
    ],
    "per_neuron_std": [
      0.23733212053775787,
      0.9034314751625061,
      0.8576122522354126,
      0.0,
      0.8881245851516724,
      0.46423017978668213,
      0.3331969380378723,
      0.23733213543891907,
      0.7278706431388855,
      0.0,
      0.8173720836639404,
      0.23733215034008026,
      0.9663718938827515,
      0.2373298704624176,
      0.0006564778159372509,
      0.6691929697990417,
      0.23733213543891907,
      0.726445198059082,
      0.9851669669151306,
      0.5150790214538574,
      0.0,
      0.33319729566574097,
      0.7995892763137817,
      0.464231014251709
    ]
  },
  "weights": {
    "w1": {
      "mean": 0.005857624113559723,
      "std": 17.361373901367188,
      "min": -80.90206909179688,
      "max": 81.83112335205078,
      "sparsity": 0.0005020833333333333
    },
    "b1": {
      "mean": -1.1874723434448242,
      "std": 11.34463882446289
    },
    "w2": {
      "mean": -0.33593279123306274,
      "std": 17.446104049682617,
      "min": -65.9984359741211,
      "max": 70.80140686035156,
      "sparsity": 0.0005694760820045558
    },
    "b2": {
      "mean": -0.7203599810600281,
      "std": 18.511213302612305
    }
  }
}